Kamila;Pałęga;1960-12-03
Anita;Powałka;1976-02-11
Oskar;Sobuś;1965-05-10
Dominik;Andryszczyk;1988-09-24
Juliusz;Furgał;1997-02-21
Klara;Bilik;1951-08-03
Tola;Gęgotek;1942-05-08
Cezary;Gonet;1943-08-04
Aurelia;Dankiewicz;1995-06-06
Cyprian;Walentynowicz;1955-04-06
Marcin;Uliasz;1999-10-08
Anna Maria;Łęgowik;1945-04-29
Radosław;Gierek;1948-12-24
Sylwia;Klęczar;1990-10-18
Sandra;Żakiewicz;1942-10-05
Damian;Langa;1956-05-10
Błażej;Wacławczyk;1985-07-16
Cyprian;Felisiak;1975-12-10
Kamil;Kózka;1961-05-26
Natan;Detka;1973-11-25
Sylwia;Margas;1960-10-23
Cyprian;Wiercigroch;1952-07-20
Konrad;Witas;1957-06-20
Krystyna;Kaja;1998-08-03
Rozalia;Wielądek;2003-05-20
Jerzy;Furgał;1990-09-28
Antoni;Madajczyk;1948-09-27
Marianna;Ryczko;1971-08-04
Wojciech;Kojder;1963-06-04
Borys;Pinda;1966-12-13
Eliza;Dziuban;1946-11-24
Roksana;Terka;1983-09-08
Maciej;Czermak;1950-03-18
Kamil;Toś;1972-10-08
Grzegorz;Mały;1945-10-29
Patryk;Hubert;1973-02-07
Kamila;Rejmer;1968-12-01
Ignacy;Znojek;1978-07-27
Mateusz;Nehring;1965-07-08
Lidia;Welc;1974-04-04
Ksawery;Rusiniak;1989-10-18
Dagmara;Szyguła;2005-07-03
Marika;Miękus;1940-08-18
Mariusz;Kowala;1945-03-18
Apolonia;Żynda;2000-02-07
Oskar;Dworniczak;1978-10-12
Juliusz;Oziębło;1967-05-20
Bianka;Oleszczak;1996-09-19
Konstanty;Fogiel;1983-01-24
Ewelina;Tyma;1979-09-18
Adam;Ścieszka;1946-12-22
Elżbieta;Mądro;1950-12-22
Konrad;Fraś;1995-06-18
Stefan;Majewicz;1969-08-03
Ewelina;Trzyna;1978-01-15
Konrad;Niebudek;1941-12-01
Krystian;Piekart;1951-01-19
Maksymilian;Dziełak;1989-08-12
Oliwier;Szafarz;1976-02-18
Ryszard;Midura;1958-05-11
Elżbieta;Miąsik;1970-06-22
Anna Maria;Perczak;1969-02-08
Marianna;Gwizdek;1975-06-14
Maciej;Chyb;1953-01-04
Sebastian;Zegar;1985-07-22
Wiktor;Herda;1994-10-28
Elżbieta;Kadela;1956-12-21
Mikołaj;Malecha;1962-04-14
Maciej;Pleśniak;1964-05-03
Łukasz;Galek;1983-11-23
Kaja;Doroszkiewicz;1964-05-14
Adrian;Niedojadło;1957-06-14
Dagmara;Wejman;1941-07-17
Michał;Dmoch;1987-04-03
Aleks;Kalisiak;1993-01-09
Marek;Stanclik;1981-03-17
Angelika;Engler;1942-08-30
Marianna;Szelest;1977-07-22
Nikodem;Węgrzynowicz;1945-11-17
Maurycy;Han;1950-12-07
Bianka;Bieleń;1993-04-30
Cezary;Golak;1968-01-15
Przemysław;Strójwąs;1950-01-08
Krzysztof;Krzysztofek;1968-11-03
Józef;Oleśkiewicz;1966-10-25
Ksawery;Zagrodnik;1950-06-27
Maks;Pałac;1981-05-21
Marianna;Linda;1964-07-18
Nataniel;Wołos;2000-02-09
Kamil;Wyderka;1962-04-17
Marcel;Cheba;1976-10-16
Konstanty;Bek;1990-03-19
Piotr;Kornak;1963-05-28
Mikołaj;Kołpak;1984-03-10
Konstanty;Damek;1949-09-09
Bianka;Jasina;1972-05-16
Anastazja;Kunka;1954-07-01
Justyna;Drgas;1957-04-24
Jacek;Uzar;1958-04-24
Aniela;Pierz;1962-11-07
Ignacy;Woda;1992-05-27
Gaja;Powałka;1958-04-25
Bartek;Maciejuk;1983-04-06
Tymoteusz;Smutek;1970-07-10
Aleks;Głownia;1962-09-25
Wiktor;Krzempek;1948-01-07
Kajetan;Feliniak;1961-06-23
Marcin;Dzikiewicz;1975-03-17
Sara;Sromek;1966-07-19
Paweł;Janoszka;1959-04-23
Natasza;Gębura;1987-06-08
Emil;Siwka;1947-01-07
Andrzej;Gołota;1954-08-31
Dorota;Olewniczak;1990-04-28
Julianna;Twardzik;1994-12-10
Olaf;Krzan;2000-04-06
Bianka;Jakóbiak;1952-05-02
Borys;Murat;1986-05-11
Olaf;Cierpisz;1948-01-28
Sonia;Boguś;1982-01-21
Ksawery;Drobek;1998-07-30
Marika;Polakiewicz;1992-01-30
Janina;Mleczek;1991-05-24
Karina;Karyś;1967-02-19
Aleks;Och;1975-06-06
Dorota;Miecznik;1996-10-21
Aniela;Orpel;1961-06-01
Ida;Hnat;1983-09-05
Paweł;Frukacz;1952-03-14
Inga;Falba;1989-05-09
Maksymilian;Gordon;1986-01-25
Ewelina;Talaśka;1992-09-18
Eliza;Ślimak;1956-06-20
Aurelia;Podeszwa;1997-03-22
Ewa;Magier;1976-11-10
Gabriel;Czerner;1979-12-08
Aniela;Kremer;1968-09-24
Piotr;Rycerz;1993-09-27
Stefan;Oczko;1963-04-12
Justyna;Bobak;1963-05-08
Andrzej;Huszcza;1993-11-15
Julianna;Dorociak;2005-02-26
Franciszek;Drabczyk;1971-09-04
Tymoteusz;Manista;1969-04-11
Marcel;Nogieć;1997-11-24
Tymon;Wiciak;1965-09-04
Kalina;Olbrych;1967-09-28
Antoni;Dziurla;1942-03-04
Kazimierz;Rogula;1986-07-04
Patryk;Knapek;1967-11-26
Róża;Kubek;1952-07-20
Cezary;Kurzydło;1944-06-03
Dorota;Franiak;1941-10-08
Krystyna;Kurczak;1999-08-18
Adrianna;Kalarus;1979-08-05
Anita;Januszewicz;1989-11-14
Gabriel;Ciepluch;1996-12-13
Tobiasz;Czerkies;1956-10-27
Ryszard;Hallmann;1978-01-02
Olaf;Kulczak;1954-01-29
Szymon;Kościesza;1965-02-13
Ewa;Nitek;1957-03-11
Kajetan;Gramza;1987-06-23
Daniel;Sądej;1978-06-06
Natan;Kubina;1987-07-11
Miłosz;Bakun;1988-08-23
Adrianna;Brodawka;1979-02-28
Karina;Wyłupek;1977-09-10
Dariusz;Obarzanek;2001-05-14
Sebastian;Bidas;1971-10-10
Kaja;Gniewek;1972-06-23
Dagmara;Biernacik;1974-09-10
Wojciech;Miszkiewicz;1968-04-16
Bianka;Jany;1988-08-24
Nataniel;Koj;1979-11-14
Ryszard;Szymańczyk;1996-05-09
Marcin;Foit;1948-05-01
Rafał;Patrzałek;1987-12-25
Adrianna;Zys;1953-02-25
Szymon;Bacia;1942-01-08
Marcel;Pelka;1975-10-03
Justyna;Kursa;1970-02-01
Marcel;Siarkiewicz;1970-04-05
Róża;Bondyra;1950-06-12
Gabriel;Hnat;1977-06-25
Ewelina;Sereda;1985-05-15
Cyprian;Kałwak;1955-09-07
Witold;Feret;1987-06-20
Konstanty;Bździuch;1958-08-01
Ewa;Kleban;1948-04-27
Sebastian;Wawszczyk;1973-03-12
Piotr;Wieja;1994-07-03
Ida;Kopa;1947-04-03
Anastazja;Złotnik;1981-01-08
Andrzej;Pabis;1988-09-17
Aleks;Gierat;2005-05-16
Gustaw;Berg;1944-02-09
Przemysław;Kryk;1951-06-05
Melania;Superson;1973-04-07
Angelika;Sadoch;1989-06-10
Wiktor;Małyszek;1994-01-31
Nikodem;Drost;1991-08-31
Nela;Frydel;1942-11-12
Alan;Stempin;1998-11-03
Adam;Gortat;2004-11-06
Radosław;Świętoń;1952-06-25
Wiktor;Betka;1968-02-05
Monika;Bareja;1986-08-03
Jan;Wałdoch;1954-12-05
Anita;Pasich;1941-07-19
Kornel;Pacyga;1964-11-19
Olga;Kontny;1972-12-09
Krzysztof;Bełz;1969-03-28
Kaja;Gamrat;1965-06-30
Piotr;Uryga;1953-03-07
Adrian;Fydrych;1956-12-24
Juliusz;Rawa;1941-12-04
Józef;Śliż;1964-04-19
Bartek;Bareja;1986-09-04
Maksymilian;Danilczuk;1986-08-04
Natasza;Syroka;1958-12-16
Marika;Miękina;1958-08-28
Dawid;Roda;1986-04-11
Dagmara;Jeżyk;1946-02-08
Juliusz;Kott;1970-09-30
Michał;Budner;1992-03-18
Dawid;Gruza;1995-01-24
Kajetan;Budniak;1981-08-25
Nicole;Piguła;1970-05-25
Ewa;Pasich;1979-09-17
Tymoteusz;Sarota;1958-01-31
Franciszek;Karyś;1976-12-12
Jędrzej;Kruś;1966-01-01
Krystian;Surdyk;1990-01-22
Wojciech;Różewicz;1941-01-31
Marika;Sapała;2005-08-05
Kamil;Buksa;1988-10-04
Ignacy;Piskor;1990-07-22
Julianna;Ragus;1994-08-08
Sebastian;Zapora;2001-09-12
Michał;Warczak;1950-05-07
Sonia;Meler;1957-10-16
Blanka;Cieciura;1985-12-03
Bruno;Rząca;1941-11-24
Urszula;Dorynek;1952-12-18
Alex;Steciuk;1988-02-20
Kazimierz;Golak;1958-11-26
Aniela;Kręgiel;1956-03-29
Aniela;Ludwisiak;1999-06-04
Julian;Hyży;1985-02-12
Adam;Rduch;2003-09-28
Maks;Karaśkiewicz;1996-05-05
Iwo;Wojciech;1978-05-19
Fryderyk;Siemieńczuk;1998-10-28
Ada;Piwek;1949-05-23
Eliza;Ziemak;1978-08-29
Sylwia;Sobolak;1973-01-21
Dorota;Obst;1966-03-21
Tymon;Potaczek;1988-07-22
Oliwier;Kempny;1973-07-31
Marika;Kieszek;1973-05-21
Kajetan;Błażejewicz;1973-07-27
Julita;Kazimierczyk;1978-05-22
Gabriel;Bona;2004-09-04
Wiktor;Baum;1946-04-26
Bartek;Myrcha;1944-05-11
Tola;Rejek;1953-01-16
Marcel;Halama;1965-09-21
Rozalia;Jaje;1953-01-25
Tymon;Kozok;1958-01-02
Ernest;Korab;1954-02-06
Urszula;Kniaź;1952-06-16
Olga;Szuta;1999-05-25
Aniela;Szynkiewicz;1942-09-05
Maciej;Becker;2000-06-06
Rozalia;Bacia;1947-06-28
Wiktor;Dynia;1961-10-28
Kajetan;Wita;1998-08-16
Alex;Folta;1982-03-18
Jakub;Ślimak;1975-04-19
Dorota;Budniak;1958-03-18
Filip;Łyjak;1971-03-10
Ewa;Sypień;1966-09-22
Miłosz;Jędrys;1954-05-24
Radosław;Związek;1970-10-17
Jacek;Gąsienica;1994-11-11
Jędrzej;Nyc;1996-08-02
Natasza;Aleksandrzak;1953-06-19
Paweł;Duszczak;1951-09-03
Sandra;Raczkiewicz;1986-05-05
Leon;Kurzaj;1991-10-10
Kamil;Parafiniuk;1987-03-31
Damian;Olchawa;1991-05-11
Błażej;Mik;1959-06-05
Julianna;Kujda;1998-04-14
Grzegorz;Murach;1953-02-01
Sylwia;Mikusek;1981-10-07
Anastazja;Zyguła;1977-01-21
Julian;Staś;1970-02-04
Marcel;Hetmańczyk;1999-11-25
Justyna;Małyszek;1981-11-03
Bruno;Słyk;2004-01-21
Kaja;Staniewicz;1989-05-07
Bianka;Wawrzonek;1951-02-13
Damian;Jaśkowiec;1948-05-15
Stanisław;Kazberuk;1973-08-22
Cezary;Mandrysz;1992-10-12
Tomasz;Lemieszek;1967-08-28
Tymoteusz;Rurka;1999-08-07
Maksymilian;Potoczek;1998-11-05
Albert;Janoszka;1948-03-04
Konrad;Sajewicz;1985-09-03
Ada;Andrearczyk;1943-11-04
Cyprian;Cecot;2004-03-17
Apolonia;Chruszcz;1990-08-29
Tymon;Koronkiewicz;1943-07-21
Franciszek;Kocaj;1955-07-07
Mikołaj;Galon;1978-01-11
Klara;Paluszak;1965-04-15
Apolonia;Sip;1940-09-24
Alex;Kozłowicz;1976-02-28
Kajetan;Manista;1955-05-30
Norbert;Bruzda;1969-12-14
Radosław;Lipowicz;1983-04-18
Agnieszka;Turczyk;1982-04-05
Marek;Korzeniak;1962-05-12
Tola;Słoka;1970-07-22
Julian;Olearczyk;1985-01-21
Marek;Dylik;1975-04-12
Dagmara;Wośko;1946-03-10
Damian;Cierpisz;1981-06-01
Klara;Koj;1941-07-14
Wojciech;Prejs;1979-10-02
Bruno;Chwalisz;1943-07-22
Ignacy;Szkup;1991-01-08
Dawid;Gzyl;2002-01-03
Kajetan;Kosman;1985-02-07
Piotr;Kosiak;2001-11-21
Tola;Utrata;1949-12-05
Inga;Kukuczka;1945-08-10
Natasza;Chwalisz;1972-12-22
Roksana;Łuksza;1975-07-02
Stefan;Seidel;1967-08-16
Krystyna;Nestorowicz;1985-03-08
Radosław;Rut;1972-05-20
Stefan;Frydrychowicz;1981-04-20
Błażej;Bas;1941-03-06
Eliza;Suchenek;1969-10-05
Ewa;Tolak;1996-06-25
Monika;Gałat;1942-06-12
Marcin;Krzywonos;1945-07-25
Grzegorz;Kwoka;1995-05-20
Wiktor;Ludwin;1992-09-05
Bruno;Hołysz;1949-11-24
Dagmara;Podleśna;1954-06-14
Angelika;Kosałka;1970-01-11
Franciszek;Kozica;1999-02-14
Ryszard;Siudek;1965-02-16
Bartek;Bekus;1987-06-12
Nela;Maślach;1945-06-05
Karol;Szymała;1992-01-18
Anna Maria;Dyrek;1972-09-28
Mieszko;Pasiut;1977-12-22
Sara;Bodziony;1968-10-05
Krzysztof;Bicz;1953-05-01
Marek;Stempin;1992-11-29
Krzysztof;Skubis;1982-10-17
Kaja;Letkiewicz;1976-01-11
Malwina;Matraszek;1958-07-07
Bartek;Karpiel;1973-05-31
Olaf;Mateusiak;1984-04-13
Anastazja;Kargol;1989-07-31
Adam;Golczyk;1959-04-08
Lidia;Berg;1950-10-27
Kajetan;Kruś;1963-08-06
Jakub;Amanowicz;1947-10-14
Roksana;Chruszcz;1994-08-24
Michał;Kamieniak;1960-12-04
Tola;Ciepłuch;1943-11-13
Gaja;Ścieszka;2004-06-09
Marcin;Klucznik;1978-11-08
Rozalia;Kałwak;1991-09-02
Gabriel;Kłoczko;1957-03-12
Robert;Pyś;1964-02-15
Stanisław;Majtyka;2003-08-27
Daniel;Nasiadka;1950-02-09
Adrianna;Galon;1985-08-20
Konstanty;Jankowicz;2005-08-01
Janina;Kaluga;2002-02-08
Mariusz;Anioła;1959-04-17
Kornel;Kosznik;1949-11-08
Fabian;Ciak;1972-10-30
Artur;Kowara;1977-08-14
Rozalia;Piskor;1966-09-19
Józef;Karnas;1984-02-17
Fryderyk;Księżyk;1971-12-16
Liwia;Swiątek;1980-08-13
Adrian;Doroz;1967-02-13
Anastazja;Przewoźna;1970-03-20
Piotr;Masny;1987-03-11
Łukasz;Katana;1963-11-22
Wiktor;Poleszak;1941-01-03
Adrianna;Golda;2005-09-11
Bartek;Kołak;1999-02-09
Wojciech;Piaseczna;1955-11-02
Adrian;Świerkosz;1976-05-30
Ada;Bartłomiejczyk;1987-10-30
Julita;Plewnia;1969-08-08
Klara;Kajak;1942-04-21
Artur;Bobrowicz;1964-12-07
Norbert;Brudny;1995-02-04
Marcelina;Łaszczyk;1987-02-28
Antoni;Kaluga;1944-06-22
Tadeusz;Kłosiewicz;1961-10-28
Agnieszka;Ziajka;1962-05-15
Kacper;Starościak;1986-01-09
Kacper;Twardosz;1980-08-13
Stefan;Gortat;1994-06-19
Arkadiusz;Żymełka;1981-08-26
Albert;Pasieczna;1961-12-01
Krystyna;Schwarz;1980-04-30
Julian;Pielka;1956-10-31
Blanka;Łukowicz;2001-06-06
Kamila;Famuła;1952-11-30
Róża;Gryga;1995-01-20
Arkadiusz;Paleń;1950-03-04
Leonard;Bubel;1946-07-23
Kamil;Berendt;2000-09-23
Mieszko;Romankiewicz;1972-09-04
Kornel;Kociemba;1977-10-29
Oskar;Zapaśnik;1941-08-08
Marianna;Żal;1976-07-23
Tola;Słoń;1941-02-13
Alex;Filas;1960-05-18
Arkadiusz;Szuta;1959-02-08
Mieszko;Chomik;1989-02-28
Leonard;Szatanik;1961-10-05
Nela;Kazana;1986-04-02
Konrad;Markiel;1992-06-01
Albert;Zapora;1975-11-12
Nataniel;Tyma;1992-08-16
Julianna;Fal;1972-02-08
Józef;Kunda;1989-03-04
Dawid;Pszczółka;1945-12-13
Radosław;Pyrkosz;1953-11-27
Natasza;Natanek;1969-10-25
Anita;Grupa;1995-08-25
Adrian;Krekora;1974-04-02
Mariusz;Dybiec;2003-03-30
Olgierd;Prażuch;1990-09-17
Olaf;Dytrych;2003-09-07
Maciej;Gajdzik;1974-04-25
Stanisław;Ślimak;1979-04-07
Julian;Gonet;1948-12-17
Róża;Stypka;2005-05-12
Dorota;Szelest;1977-05-27
Ada;Chwedoruk;1994-02-16
Nicole;Hajdukiewicz;1993-03-13
Dominik;Kloska;1948-12-02
Jakub;Biesaga;1986-02-20
Malwina;Parzonka;1974-10-14
Justyna;Zbroszczyk;1962-12-21
Łukasz;Sanetra;1941-09-01
Julian;Jakimiak;1941-04-29
Dorota;Pierz;1998-09-25
Tobiasz;Czapiga;2002-08-24
Damian;Bartocha;1998-05-23
Julita;Małyszek;1991-10-05
Konstanty;Kawulok;1986-08-09
Igor;Pianka;1943-08-21
Sylwia;Omiotek;1958-08-12
Gabriel;Milka;1980-05-25
Kamil;Poniedziałek;1978-11-26
Julian;Łyczak;1946-11-22
Piotr;Łobacz;1966-05-21
Cyprian;Galon;2002-10-17
Ewelina;Kudlak;1959-10-26
Ewa;Węgrzynek;1970-11-09
Artur;Stasica;1955-11-02
Kornel;Breś;2003-08-27
Ernest;Piwowarek;1954-12-24
Kajetan;Sierżant;1980-01-03
Rozalia;Sondej;1956-03-29
Alan;Sydor;1957-04-28
Kalina;Forysiak;1986-11-14
Ksawery;Gral;1961-01-01
Szymon;Golus;1959-06-03
Filip;Walo;1963-07-28
Ewa;Graboś;1950-10-08
Kaja;Darul;1959-02-18
Natasza;Dykas;1945-02-07
Konstanty;Wlazły;1956-01-15
Stanisław;Wojcik;1974-04-28
Apolonia;Pawełko;1978-10-03
Kacper;Smagacz;1993-01-22
Wojciech;Andrzejuk;1952-03-03
Dominik;Radko;1988-05-11
Melania;Nastaj;1993-09-07
Gustaw;Berek;1976-10-05
Leon;Husak;1975-12-17
Eryk;Gumuła;1943-03-27
Klara;Dawidek;2004-02-23
Marika;Gaudyn;1944-01-12
Roksana;Sieradzan;1963-11-06
Igor;Morawiak;1960-03-30
Krzysztof;Staniczek;1995-12-30
Dominik;Hulbój;1966-03-31
Wojciech;Hałka;1972-02-10
Franciszek;Palica;1976-06-07
Iwo;Nitek;1980-07-28
Sonia;Suszka;1967-01-30
Oskar;Borczyk;1993-07-07
Krystian;Matejczyk;1947-04-15
Oskar;Sładek;1959-05-01
Ada;Duszkiewicz;1950-06-28
Ida;Kobza;1959-03-19
Kaja;Świgoń;1983-03-02
Anita;Gadzina;1969-05-30
Aleksander;Maziarczyk;1975-08-26
Elżbieta;Ścibior;1999-07-29
Aniela;Wiciak;1975-06-20
Sylwia;Dzierwa;1990-10-26
Nikodem;Szeszko;2002-04-13
Karina;Wojtanowicz;1976-06-05
Radosław;Józwik;1994-12-18
Blanka;Ratka;1995-10-12
Artur;Pruchnik;1995-11-12
Adrian;Cymbała;1968-07-09
Miłosz;Wawrzyk;1980-06-20
Maks;Polnik;1986-03-30
Rafał;Maciejko;1972-06-22
Ryszard;Korab;1965-02-12
Artur;Klorek;1940-10-26
Błażej;Rohde;1955-02-13
Mieszko;Stawinoga;1978-04-18
Elżbieta;Waraksa;1953-04-29
Marcel;Cibor;2000-09-14
Roksana;Bona;1949-07-29
Rafał;Dumin;1943-04-07
Igor;Subocz;1997-07-28
Bianka;Wódka;1977-05-16
Franciszek;Sularz;1983-12-15
Kazimierz;Lazarek;1944-06-01
Aurelia;Gierat;1940-03-19
Krystyna;Szpyt;1948-10-01
Liwia;Chromy;1984-01-29
Sylwia;Szymała;1995-05-31
Sandra;Trojanowicz;1969-05-26
Robert;Dudczak;1954-01-05
Lidia;Mrozowicz;2002-12-17
Fryderyk;Mendak;1969-12-07
Artur;Twardzik;1983-08-18
Norbert;Winnik;1941-05-22
Olga;Para;1957-01-05
Krzysztof;Nagórka;1947-01-29
Urszula;Sabak;1995-11-26
Julianna;Zawal;1943-04-11
Filip;Hornik;1954-04-21
Nela;Borysewicz;1973-03-31
Adam;Pajda;1947-01-03
Piotr;Fiedler;1986-03-13
Fryderyk;Fedorczyk;1956-04-06
Sylwia;Trepka;1971-02-26
Liwia;Domurad;1991-11-30
Cyprian;Bejma;1956-08-17
Karina;Kusio;1989-10-27
Aniela;Budner;1960-06-20
Gustaw;Frącz;1962-03-07
Fryderyk;Mieloch;1985-06-25
Olaf;Siembab;1953-02-03
Aleksander;Listwan;1982-11-26
Tymon;Królikiewicz;1974-08-03
Sebastian;Lizurej;1947-10-30
Marcel;Myszor;2002-09-30
Sebastian;Lazarek;1953-06-14
Jerzy;Woszczak;1958-03-27
Marika;Rajczak;1946-11-29
Marcin;Maszkiewicz;1988-08-08
Ada;Kuziora;1992-09-18
Dariusz;Puc;1994-06-13
Norbert;Matura;1958-12-11
Oskar;Łodyga;1941-08-21
Aurelia;Litwinowicz;1992-04-30
Angelika;Brejnak;1999-02-08
Dagmara;Chachaj;2003-12-24
Olga;Jezior;1974-07-02
Maks;Jeka;2004-10-04
Sandra;Matyka;1972-10-12
Andrzej;Bodzak;1994-04-16
Robert;Puch;1951-10-17
Lidia;Kondej;1943-04-15
Dawid;Dłubak;1955-01-24
Eliza;Uryga;1967-02-15
Anna Maria;Nagel;1979-04-09
Sandra;Chylak;1970-10-25
Igor;Opyrchał;1991-01-18
Natasza;Baś;2004-06-16
Jerzy;Lesner;1957-10-22
Jakub;Wawrzyńczyk;1950-01-24
Róża;Skalik;1966-08-01
Arkadiusz;Miros;1996-04-23
Alan;Klęk;1986-12-25
Jakub;Dymarczyk;1941-12-15
Jakub;Frelich;1961-03-18
Marcin;Stosik;1978-08-15
Bruno;Kurda;1948-10-11
Łukasz;Tymczyszyn;1950-09-11
Jerzy;Gros;1982-11-26
Robert;Haraburda;1970-06-09
Inga;Kolanek;2005-01-22
Dominik;Tabisz;1945-04-17
Urszula;Posmyk;1967-03-27
Kajetan;Skrzecz;1996-10-29
Julianna;Łuczkiewicz;1990-10-01
Michał;Dukat;1992-09-11
Anastazja;Sarniak;1975-04-04
Sonia;Kołtuniak;1975-10-04
Paweł;Danieluk;1959-01-10
Jeremi;Michel;1948-12-14
Marianna;Fogel;1966-10-03
Malwina;Woszczak;1948-09-25
Monika;Piekacz;1978-11-29
Piotr;Stawinoga;1975-04-12
Mikołaj;Andreasik;1944-03-16
Liwia;Widuch;1982-04-07
Alan;Drygas;1944-08-12
Kazimierz;John;1978-01-20
Maksymilian;Kolbusz;1989-10-13
Emil;Nogieć;1953-11-10
Kaja;Berek;2003-01-20
Krystian;Matejczuk;1970-10-31
Andrzej;Hewelt;1976-09-09
Dominik;Dumała;2002-11-01
Grzegorz;Drost;1984-03-07
Bianka;Pokusa;1957-06-18
Bruno;Dolega;1976-09-30
Kamil;Nitkiewicz;1994-05-30
Franciszek;Koleśnik;1944-01-04
Marika;Ochab;1969-06-09
Mariusz;Mortka;1943-08-10
Jakub;Michnowicz;2001-08-06
Bianka;Kohut;1947-09-18
Daniel;Kawulok;1947-05-15
Jędrzej;Bugiel;1974-09-22
Ksawery;Zmuda;2004-04-18
Adrian;Symonowicz;2004-05-22
Eliza;Cabała;1997-02-13
Apolonia;Bzdęga;1985-02-15
Lidia;Armata;1979-06-23
Błażej;Flasza;1960-09-07
Maurycy;Owsianka;1988-11-25
Eryk;Peda;1994-07-18
Dariusz;Labocha;1987-10-02
Janina;Mol;1953-08-07
Maurycy;Piwowarek;1973-12-03
Krystian;Szaj;1958-10-26
Karina;Krysta;1992-08-11
Eliza;Tofil;1997-11-20
Damian;Szrama;1940-01-14
Hubert;Wójs;1998-06-28
Apolonia;Wiciak;1945-06-19
Tomasz;Karol;1979-10-16
Jerzy;Kolonko;1945-11-06
Józef;Morgała;1991-03-01
Cyprian;Fraś;1982-05-07
Aleksander;Zieniewicz;1982-11-19
Konrad;Osipiuk;1960-09-06
Bartek;Langiewicz;1948-12-15
Nikodem;Szczepaniec;1966-02-27
Ryszard;Terka;1988-09-26
Roksana;Engler;1951-11-05
Borys;Pyzel;1959-01-11
Emil;Biesek;1995-04-15
Leon;Gleba;1964-02-22
Leonard;Szyda;1955-10-26
Juliusz;Łasak;1966-01-19
Dorota;Kośka;1945-05-18
Bianka;Natanek;1992-06-10
Julian;Lamch;1941-01-09
Iwo;Wołczyk;1994-08-26
Nikodem;Sadlik;1970-07-07
Tobiasz;Przybycień;1940-09-09
Roksana;Odrzywołek;1961-05-10
Leon;Krężołek;1989-01-16
Tadeusz;Kempka;1973-01-29
Jędrzej;Królczyk;1992-10-01
Urszula;Giersz;2002-04-08
Stefan;Kupaj;1941-10-25
Fryderyk;Kudłacz;1989-12-08
Eliza;Berg;1968-02-04
Ernest;Rycerz;1968-05-17
Jan;Kazubek;1949-04-13
Marcelina;Broniek;1952-08-07
Agnieszka;Moniuszko;1970-07-09
Elżbieta;Pusz;1955-01-18
Dawid;Kalka;1989-03-10
Mateusz;Buczma;1942-09-28
Arkadiusz;Wudarczyk;2003-10-24
Cyprian;Wódka;1982-06-14
Kornelia;Bekus;1967-10-17
Julian;Misztela;1945-06-21
Julian;Wilusz;1985-11-11
Konstanty;Wyrwał;1990-09-03
Juliusz;Fołta;1961-02-28
Fabian;Dziurla;1996-10-18
Tomasz;Fitas;1963-05-17
Tymon;Sołtysek;1955-03-09
Marianna;Zapaśnik;1988-05-12
Eryk;Naumiuk;1940-07-10
Antoni;Oleśkiewicz;1975-08-07
Jacek;Trepka;1995-07-26
Sandra;Chojak;1946-03-13
Jędrzej;Gruchot;1946-08-13
Bianka;Zielke;1953-05-07
Dagmara;Świergiel;1980-04-07
Józef;Leks;1943-03-30
Mariusz;Zgoła;1979-01-13
Urszula;Gąsienica;1996-07-17
Liwia;Kolonko;1945-04-20
Tobiasz;Stanuch;1957-09-27
Ignacy;Surdyk;1990-04-05
Inga;Kiljan;1963-05-13
Tobiasz;Kupaj;1944-07-19
Aniela;Tyka;1951-03-15
Marianna;Prokurat;1987-02-17
Kaja;Ślebioda;1958-06-16
Anna Maria;Sado;1974-10-16
Janina;Dorociak;1957-02-04
Agnieszka;Mik;1965-02-06
Kaja;Wacławczyk;2005-05-12
Aurelia;Męcik;2005-03-07
Antoni;Łacina;1979-09-08
Dariusz;Tworzydło;1962-11-20
Malwina;Brach;1997-03-28
Błażej;Haponiuk;1942-05-27
Nela;Mendak;1955-01-14
Filip;Duras;1963-02-16
Dominik;Bernatek;1992-06-21
Kamil;Dziewit;1983-07-14
Sonia;Dyczko;1940-04-16
Kornelia;Kubowicz;1951-04-21
Jan;Warmuz;1956-10-19
Karina;Dmoch;1958-07-26
Sonia;Politowicz;2005-09-01
Ida;Radzio;1955-01-03
Ada;Bancerz;1965-06-18
Nataniel;Madzia;1968-12-30
Ignacy;Maszota;1966-12-02
Piotr;Frost;1958-05-21
Ada;Jasina;1940-12-16
Melania;Plak;1957-02-04
Kornelia;Karyś;1981-03-19
Maciej;Burdach;1971-02-19
Tobiasz;Wasążnik;1965-03-10
Kamila;Przewłoka;1959-04-19
Sara;Rychel;1970-04-22
Roksana;Różak;1997-01-05
Hubert;Leonowicz;1963-10-01
Alex;Majorek;1956-05-21
Adrian;Zagrodnik;1950-09-05
Rozalia;Białach;1986-12-27
Sandra;Lula;1943-08-06
Krzysztof;Barankiewicz;1954-10-16
Arkadiusz;Satora;1990-11-13
Kacper;Bak;1971-01-14
Eliza;Glazik;1952-01-07
Wiktor;Łuckiewicz;1963-12-17
Maciej;Karnas;1961-10-25
Antoni;Wabik;1955-04-03
Nataniel;Sadłocha;1955-06-15
Sebastian;Kałwa;1952-09-21
Patryk;Satora;1948-09-29
Janina;Dziedzina;1956-04-20
Alan;Paw;1990-09-14
Andrzej;Bystrek;1992-12-01
Norbert;Szachniewicz;1981-02-12
Kalina;Jakimiak;1976-10-14
Ksawery;Kiełek;1965-01-27
Maksymilian;Starek;1984-08-06
Konrad;Solarczyk;1980-05-18
Rafał;Hak;1973-01-30
Robert;Szafarz;1988-04-06
Dariusz;Ceynowa;1979-08-30
Julita;Kiepas;1952-09-15
Norbert;Bienia;1955-04-02
Arkadiusz;Kuncewicz;1983-09-13
Filip;Opalach;1978-12-16
Wojciech;Toma;1950-04-30
Julianna;Kranc;1989-08-18
Franciszek;Małys;1988-07-28
Kornel;Potyrała;1969-07-26
Wojciech;Byra;1978-09-09
Borys;Huber;1992-09-30
Ernest;Glanc;1987-09-05
Alex;Pytko;1996-09-24
Mieszko;Radziewicz;1999-09-27
Robert;Osipowicz;1966-06-09
Jerzy;Narożna;1947-01-12
Gaja;Bobryk;1986-01-22
Apolonia;Półchłopek;2000-11-10
Justyna;Barłóg;1950-08-05
Juliusz;Ferdyn;1992-05-22
Tobiasz;Ćwierz;1985-12-01
Piotr;Kaziród;1973-04-25
Justyna;Wac;1941-01-22
Aleks;Opoka;1946-08-10
Adrian;Pleskot;1975-04-08
Julita;Lament;1981-09-11
Sara;Wandas;1973-01-16
Arkadiusz;Grzelczyk;1945-02-04
Roksana;Bejm;1993-12-18
Adam;Chłąd;1976-04-20
Hubert;Szywała;1998-10-02
Jan;Matyjas;1973-03-22
Ryszard;Polaszek;1958-03-25
Gabriel;Zinkiewicz;1991-02-27
Eliza;Langier;2004-10-04
Hubert;Wardzała;1980-02-07
Leonard;Łyjak;1985-06-02
Malwina;Podeszwa;1953-04-17
Tola;Flaga;1990-05-04
Tymon;Marcińczyk;1953-05-15
Nela;Zdobylak;1981-02-01
Jacek;Kuświk;1997-08-29
Witold;Bogaczyk;1985-12-16
Bruno;Nastaj;1945-01-18
Franciszek;Jonczyk;1987-01-22
Krystian;Jodko;1974-01-03
Leon;Faryna;1999-12-22
Justyna;Kierat;1940-11-14
Nicole;Buksa;1977-04-12
Julian;Wdowczyk;1989-03-31
Apolonia;Frączkiewicz;1973-12-19
Roksana;Kursa;1967-12-04
Monika;Bancerz;1982-11-28
Kornelia;Serzysko;1970-09-19
Ada;Dydak;1985-07-22
Gaja;Dybał;2002-10-06
Emil;Szkopek;1940-12-22
Norbert;Kubowicz;1955-08-05
Marcelina;Krępa;1992-10-21
Julian;Gaudyn;1963-08-14
Adrianna;Ćwirko;1979-09-22
Dominik;Świstek;1965-08-14
Robert;Dziopa;1979-03-17
Igor;Płaneta;1954-05-02
Kazimierz;Anders;1940-03-14
Leonard;Klaja;1950-04-14
Łukasz;Matraszek;1995-09-03
Ada;Tasarz;1985-04-07
Ida;Bugla;1974-10-18
Jacek;Sapa;1972-07-02
Adam;Staś;1965-09-10
Daniel;Kidawa;1976-08-17
Jędrzej;Kluczyk;1971-04-12
Olaf;Pitala;2002-08-27
Ada;Widłak;1993-10-07
Dawid;Panuś;1987-03-04
Przemysław;Banyś;1976-12-03
Artur;Malecha;1985-02-28
Dawid;Szymaniuk;1994-05-14
Maks;Łaskawiec;2000-11-21
Wojciech;Tylec;2001-07-16
Bianka;Puc;1965-02-19
Norbert;Harasimiuk;1954-05-08
Apolonia;Starzak;1963-10-10
Nicole;Golczyk;1987-05-03
Maksymilian;Dargacz;1999-09-29
Janina;Duczmal;1953-01-01
Eliza;Pajda;1973-11-17
Emil;Rzeszut;1940-02-09
Szymon;Wesoła;1973-03-14
Karol;Larysz;1997-08-08
Gaja;Gogacz;1976-08-15
Damian;Ziemak;1998-02-07
Jeremi;Dąbrówka;1980-02-15
Adrianna;Słabosz;1998-01-24
Aurelia;Słaba;1995-02-23
Jędrzej;Wacław;1971-04-05
Andrzej;Szajna;1967-10-03
Maciej;Dywan;1975-09-30
Lidia;Mazik;1975-12-27
Kazimierz;Grzejszczak;1941-03-15
Natan;Penkala;1962-05-04
Ewelina;Dzienisz;1949-05-28
Maks;Miszkiewicz;1971-09-14
Oliwier;Rurka;2005-02-14
Eliza;Kapka;1959-04-04
Jacek;Korzekwa;1943-09-15
Marcelina;Burczak;1951-10-01
Tomasz;Kucharz;1948-01-28
Alan;Lizoń;2002-03-26
Marcelina;Feliksiak;1968-06-17
Kornelia;Młyńczyk;1968-03-24
Radosław;Baum;1991-03-05
Eryk;Nieradzik;1985-12-01
Nikodem;Gosz;1955-06-01
Przemysław;Malcherek;1962-03-02
Radosław;Kościk;1942-10-03
Natan;Bruzda;1978-10-17
Józef;Wilkos;1981-05-15
Klara;Dadej;1965-11-11
Leonard;Węgrzynowicz;1983-11-21
Apolonia;Materek;1981-12-09
Damian;Cieciura;1971-11-22
Szymon;Kaletka;1961-05-27
Roksana;Kustosz;1982-03-19
Mateusz;Łapot;1947-03-21
Jan;Domoń;1963-05-12
Adam;Szwaja;1989-10-28
Kalina;Nikołajuk;1996-10-03
Stanisław;Jędrzejek;1976-01-20
Anna Maria;Kubanek;1943-09-11
Sara;Makieła;1953-01-08
Ewa;Melka;1960-11-15
Kornelia;Szumiło;1948-05-03
Witold;Kręgiel;1962-10-26
Jerzy;Tylec;1994-10-19
Urszula;Stelmasiak;1975-09-04
Bruno;Fronczek;1994-05-19
Franciszek;Pieczarka;1972-08-29
Mikołaj;Świtaj;1956-12-13
Aniela;Ryszkiewicz;1996-10-27
Justyna;Holewa;1989-08-15
Liwia;Pasztaleniec;1976-01-25
Wiktor;Kolarz;1944-04-19
Tymoteusz;Kościuszko;1998-01-04
Aleksander;Błaszyk;1940-02-25
Agnieszka;Serwach;2005-10-10
Mateusz;Kajdas;1940-03-26
Andrzej;Dyszy;1986-04-30
Janina;Gortat;1943-03-22
Łukasz;Karsznia;1954-06-22
Krystian;Gospodarek;1963-11-26
Marcel;Szczepaniec;1979-12-21
Alan;Wąsala;1981-10-30
Dariusz;Tomaszuk;1958-12-02
Mariusz;Cierpisz;1947-03-10
Arkadiusz;Żok;1958-12-31
Karol;Bryndza;1980-11-04
Stefan;Dela;1975-04-06
Agnieszka;Popielarczyk;1965-01-13
Borys;Lewicz;1963-01-16
Agnieszka;Fedak;1950-10-01
Anita;Talaśka;1964-11-24
Paweł;Draus;1986-11-28
Gaja;Oleksiewicz;1979-09-30
Jeremi;Kupaj;1969-10-16
Olga;Wąsiewicz;1972-04-09
Fryderyk;Kapuścik;1964-09-06
Tola;Milej;1981-12-31
Wiktor;Kaczmar;1972-07-08
Tomasz;Raczkiewicz;1985-08-24
Michał;Zimoląg;1967-04-07
Witold;Dudczak;1946-05-03
Ryszard;Przybyś;1960-08-05
Robert;Hanzel;2001-01-23
Karol;Kopyść;1993-09-01
Dagmara;Narożny;1966-12-17
Bartek;Tuzimek;2004-04-10
Gaja;Dudzicz;1951-01-31
Anita;Żyto;1991-04-23
Robert;Gajzler;1961-03-20
Fabian;Zbróg;1987-06-10
Norbert;Gustaw;1949-12-28
Bruno;Merda;1974-11-29
Olga;Bicz;1963-06-23
Malwina;Pastucha;1962-06-14
Leonard;Samiec;1959-06-04
Ewelina;Pietrasiak;1967-10-07
Karol;Osipiuk;1958-12-03
Melania;Podeszwa;1996-02-29
Fabian;Posmyk;1941-08-19
Juliusz;Maleszka;1976-03-09
Krystyna;Jarka;1982-07-26
Jan;Szmuc;1941-02-23
Miłosz;Nabiałek;1980-06-29
Kamil;Kajstura;1983-11-26
Marcelina;Płoskonka;1976-09-14
Sonia;Bancerz;1974-10-14
Rafał;Wojtyna;1943-06-28
Elżbieta;Koziatek;1948-07-17
Kalina;Chwedoruk;1982-04-10
Angelika;Klekot;1985-10-14
Aleks;Doroz;1968-07-01
Eryk;Korda;1992-02-29
Roksana;Wacławiak;1948-02-29
Natasza;Bazylewicz;1941-01-05
Tomasz;Małyszka;1990-03-27
Agnieszka;Pitura;1995-07-08
Anna Maria;Gotfryd;1996-04-15
Bartek;Łokietek;1994-01-10
Borys;Siwczak;1961-01-05
Urszula;Kutnik;1966-08-29
Witold;Molka;1984-01-08
Krystyna;Hajdukiewicz;1971-06-13
Angelika;Lepka;1958-01-23
Kamil;Langiewicz;1975-02-12
Sara;Czerniec;1998-11-13
Marcelina;Tomalak;1964-06-20
